"","pair_ids","unique_in_earlier","unique_in_later"
"1","0_1","","Dag, 1, houdt, zon, deze, Deze, heet, frisse, oktoberdag, je, trui, moet, jas, Een, bijna, Licht, zonder, warmte, vandaag, kwaad, En, hun, badhanddoek, leggen, erop, gaan, liggen, terwijl, er, voldoende, schaduw, onder, overhangende, bomen, tussen, strand, weg, maken"
"2","1_2","","dan, smalle, fronst, kleine, bikini, net, loom, opgericht, buik, inspecteren, zonnende, staat, tijd, branding, verte, staren, vorm, gorilla, dikke, holle, rug, korte, benen, lange, armen, Mijn, rechte, Sommige, lichamen, me, Die, slanker, ik, Kom, tegen, wijsvinger, strepen, trekt, zand, tekent, kasteel, gesloten, Mooi, Want, wilde, toch, waterfiets, Ik, ga, hem, ochtend, gezegd, Gaan, jullie, vis, kopen, markt, wist, welke, lekkerste, ben, aards, zei, vroegen, koken, hield, tuinieren, beweging, brengen, glijbaan, trapt, tot, Stop, !, roept, stopt, glijd, zwijgend, hoort, telkens, alleen, plons, zwemt, ernstig, gezicht, achterkant, fiets, hijgend, vanuit, trapje, klimmen, Trappen, weer"
"3","2_3","houdt, badhanddoek, leggen, liggen, fronst, kopen, beweging, brengen","hou, frons, ligt, daar, zeg, mijn, Vanavond, zullen, grillen, barbecue, familiehuis, vrienden, leeftijd, hebben, mee, zoeken, Toen, schudde, jongen, hoofd, We, moeten, zeebaars, moeder, hier, best, Zij, groeide, zee, keert, elke, zomer, terug, Gisteren, pasta, inktvis, gemaakt, volgens, oud, familierecept, eerst, ontdooien, familie, nooit, gooiden, bevroren, pan, Even, zag, misverstand, ontstaan, Zo, tijdje, door, Dit, loopt, gesmeerd"
"4","3_4","hou, me, frons, Sommige, lichamen, slanker, zeg, zoeken, er, misverstand, ontstaan","houdt, fronst, Miranda, July, postte, vanmorgen, filmpje, Instagram, waarin, wild, gang, danst, panty, Mickey, Mouse-shirt, Miranda's, geest, lichaam, gorillaman, verpest, uitzicht, hadden, ruzie, gekregen, Intussen, licht, ontdooide, gegooid, dacht"
"5","4_5","Dag, 1, frisse, oktoberdag, trui, jas, Een, bijna, Licht, warmte, vandaag, Miranda's, geest, maken, verpest, uitzicht, Mooi, hadden, ruzie, gekregen, Intussen, stopt, glijd, hoort, telkens, alleen, plons, klimmen, Zo","draagt, overhemd, schrijft, geestige, indringende, verhalen, irritant, combinatie, zwetende, hitte, doorstaat, rimpelige, bruine, huid, kanker, Goed, Terwijl, kibbelden, kookt, graag, plonst, Dan, klimt, Totdat, Vlak, verhuurder, wil, inleveren, jij, bent, geweest, achter, Ok, lachen, billen, passen, Blij, glijdt, gladde, plastic, treden, dus, valt, blijft, haken, trap, trapleuning, metalen, buis, schreeuwt, probeert, los, krijgen, er, ruimte, drukt, plat, duwt, omhoog, steeds, opnieuw, beweging, gebroken, pols, flitst, heen, eerste, hulp, patientenfolder, behandelen, kinderen, spoedeisende, zin, signaleren, kindermishandeling, mitella, slap, dichtvallende, viel, naam, riep, wakker, houden, Nu, pijn, doen, resultaat, niets, anders, verzinnen, Als, gorilla-man, naast, stapje, opzij, grijpt, twee, handen, toe, zodat, heel, even, ontstaat, tussenuit, trekken, Dank, drie, misschien, vier, brullende, begeleidt, richting, eerstehulppost, strandtent, bevindt, ver, waar, handdoeken, zaten, vuur, kon, raken, schroef, ontbroken, avond, dit, allemaal, gebeurd, bovenste, zat, waardoor, beneden, kunnen, glijden, klem, geraakt"
"6","5_6","hitte, doorstaat, rimpelige, bruine, kanker, verzinnen, stapje, opzij, tussenuit, trekken, brullende, begeleidt, glijden","Tom, laat, verbranden, donkerder, wordt, kankerplekken, komen, stevig, Na, plons, idee, verpleegkundigen, zouden, geloven, gevallen, brult, duwen, vast, vrij, Brullend, linkerhand, tilt, Thank, you, so, much, verbonden, hand, terugkeerde, waterfietsverhuur, vlakbij, Kijk, goedgekomen, miste, leuning, gegleden, Misschien, iets, zeggen, Er, schreeuwde, begrijpen, extreme, gebeurtenis, Ja, vervelend, juiste, woord, gesprek, gaat, plaatselijke, architectuur, vissen, slavernijverleden, Amerika, slavenhouders, totslaafgemaakten, beesten, zagen, Denk, achteraan, vriend, schrijverschap, Frederick, Douglass, waarop, gepromoveerd, dom, ', denk, alle, keren, doms, allebei, academici, bespreken, nu, duurzaamheid, Op, luide, toon, delen, informatie, artikelen, gelezen, onderzoeken, gedaan, kijkt, opgestaan, afwasmachine, laden, Omdat, meepraat, vinden, me, dommer, geinteresseerd, uitwisselen, droge, feiten, Waarom, zachter, bloedeloze, gesprekken, voeren, Zoals, soort, situaties, geleken, begrepen, intelligentie, Intelligentie, oplepelen, krant, deur, calippo-ijsje, zuigen, buurmeisje, grote, koek, hapjes, neemt, ijsje, sinaasappelsmaak, knijpt, karton, ijs, boven, zuigt, Niet, keel, schieten, knikt, verder, Zijn, zit, muurtje, giechelen, Zo, z'n, drieen, alleen, klootzakken, giechelende, bijna, huilen, weet, verdriet, ouder, vijfendertig, jaar, kutvriendinnen, luidruchtig, schiet, luchtpijp, proest, schraapt, kokhalst, herinneren, Heimlich-manoeuvre, uitvoeren, Handen, vlak, hart, ging, slaat, wandelen, buiten, harde, boer, stuk, feloranje, stoep, troost, bed, we"
"7","6_7","",""
"8","7_8","fronst, Tom, schrijft, geestige, indringende, irritant, combinatie, zwetende, verbranden, wordt, kankerplekken, komen, ochtend, kookt, vroegen, hield, Na, plons, Totdat, gaan, tijdje, dus, haken, probeert, duwt, behandelen, zin, idee, geloven, mitella, zonder, resultaat, vast, heel, even, tilt, drie, gegleden, geraakt, kijkt, begrepen, Zijn, kutvriendinnen, luchtpijp, proest, ging, slaat","houd, Kwaad, kijk, meestal, hou, July's, hitte, doorstaat, kanker, Bij, graden, niemand, lol, zeg, onze, maakte, vragen, Soms, weleens, erboven, zweef, bestuurder, taak, trappen, Vervolgens, wacht, totdat, et, cetera, zitten, probeer, duw, gedachte, denken, loog, daardoor, woorden, veel, nadruk, gaf, blijf, vergeefs, vastgrijpt, til, ons, glijden, verschrikkelijk, Onze, krijg, mezelf, hebt, elkaar, Een, eindje, zelf, rotvrienden, rochelt, geloof, sla, Kom!, roep, volwassenen, vervangen, lampje, elektrische, schok, kreeg, telefoon, kijken, zocht, iemand, heleboel, dingen, vindt, goor, gebruikt, kopieer, vanzelf"
"9","8_9","maakte, Vervolgens, krijgen, daardoor, Thank","zou, maken, Daarna, wrikken, daarna, thank, mij, Vogels, vind, tassen, soepel, leer, oren, waarvan, oorlellen, hangen, meteen, doorgroeien, morgen, hoofdstad, Daarom, eet, zoveel, O, bezorgd, Jij, Tegenover, gasten, tolerant, kleiner, slanker, peer, derde, glas, wijn, nemen, voorstellen, bestaan, worden, peervormige, lichamen, Dikke, mooi, erg, vraag, mag, lenen, wijde, gebloemde"
"10","9_10","voorstellen, bestaan, worden, peervormige, lichamen","pofmouwen, zomers, hele, kijkt, neer, jou, zal, beleefd, merkte, stil, geworden, kwam, geklets, word, ongemakkelijk, voel"
"11","10_11","maken, plaatselijke, architectuur, vissen, Amerika, Denk, achteraan, Kom!, soepel, kleiner","kok, plotseling, Zijn, Louis, CK, cancel-cultuur, tijdgeest, invloed, waardesysteem, naiefs, Nederlandse, Volgens, opgesloten, Help, rijp, fruit, gevoel, laagje, alsof, luchtdichte, verpakking, Dat, gewoon, slecht, communiceert, keuken, binnen, gezellig, drinken, vandaag, onderzoeksonderwerpen, werk, redding, vast, grootste, angst, armoede, terugkeer, vandaan, kom, kettingrokende, stiefvader, voortdurend, porno, keek, thuiskwam, rinkelde, sleutels, maakte, lawaai, kans, geven, snel, computer, zetten, slaapkamer, rennen, shit, hoorde, gestommel, want, onderbroek, enkels, kind, moederschap, gestort, hoeven, verwoestend, huwelijk, Verwoestend, kwijt, Gelukkig, tweede, ontmoeting, zwanger, begin, pas, beetje, oude, worden, bedoelt, boekwinkeltjes, bijzondere, uitgaven, poeziebundels, koopt, avonds, brieven, schrijft, leegstaande, panden, kunstfeestjes, organiseert, zonder, gaan, liggen, strakke, spijkerbroek, dichtritst, vergeten, vertellen, begeerd, verliefd, spannende, springerige, pornografische, heb, gevonden, moment, broek, halen, echte, neuken, Nee, jaloers, androgynie, tieners, twintigers, gekleed, onderscheid, man-vrouw, achterhaald, daarom, nieuwe, liefdes, exploreren, puur, geestelijk, vriendschappelijk, begrijpt, ingewikkeld, praat, Van, rillingen, behoefte, vrijheid, begrijp, verliefdheid, nodig, Zonder, Al, volwassen, verdiende, drie, maanden, Verenigde, Staten, eeen, huis, ontmoette, geniet, dagelijkse, rituelen, bordje, pap, ontbijt, versleten, ochtendjas, prettig, samen, willen, Japan, draag, dorp, aangekomen, zalm, Dreigend, hield, volle, boodschappentas, bezig, Instagram-post, varkens, baantje, slachthuis, zeventien, daardoor, minder, vlees, Twee, geleden, werd, vegetarier, Kwaaie, pier, echt, rem, behalve, ene, liet, komen, spijt, erna, zien, Echt, trouwens, eerder, onbegrip, tekort, waarover, kranten, wordt, geschreven, gevaarlijk, bron, v, an, rechts-extremistische, denkbeelden"
"12","11_12","",""
"13","12_13","doorstaat, donkerder, kanker, Bij, graden, lol, loog, daarna, brult, totslaafgemaakten, Omdat, meepraat, dommer, opgesloten, geleken, intelligentie, Al, eeen, huis","zwetende, bewegingloze, minuten, aftelt, witte, bruin, gekregen, inmiddels, verkeerd, interpreteren, vertelde, flauwvallen, roepen, ergens, slaaf, gemaakten, zwijgen, zwijg, erger, dociel, steen, sta, treurig, ..., schoonheidsideaal, Wees, jezelf, Streef, tienermeisje, tienerjongen, Je, stiekem, besloten, mooiste, stijlvol, noemt, gedachten, bovendien, heel, eigen, invult, vul, ruzie, theorie, verlangen, moeilijke, probeerde, leggen, Andrea, Long, Chu, ...., fictieve, figuren, ouders, waren, arm, sinds, blut, 1, donkere, appartement, zie, deel, woonkamer, bank, tv., achterhoofd, raam, ...boom, spelletje, doe, asblond, geverfd, kort, nek, lopen, tenger, figuurtje, groot, keukenschort, verschil, mooie, lelijke, onrecht, wit, lelijk, verlies, seks, alsjeblieft, Jaloezie, genieten, Komt, kapitalisme, Ons, dooft"
"14","13_14","",""
"15","14_15","","I, dont, think, believe, things, because, they, are, true, them, make, us, feel, particular, way, voed, zelfhaat, makes, Hoewel, oudere, mannelijke, lesbiennes, laatste, ineens, aantrekkelijk"
"16","15_16","inmiddels, licht, ...boom, spelletje, doe, Instagram-post","half, Alleen, schrikken, pijnboom, voortuin, kop, koffie, Eerst, nieuwsuitzending, bosbranden, regio, talkshow, bruinverbrande, tanden, Al, activistische, Instagram-story, maak, screenshots, column, schrijver, ken, campagne, EU, gelanceerd, Zuid-Europese, jongeren, ertoe, bewegen, varkensvlees, Letstalkaboutpork, hashtag, eetlust, opwekken, iedereen, gebruiken, posts, misdadige, mishandeling, varkenshouderij, Varkens, schuren, onophoudelijk, langs, stangen, kooien, wanhopige, poging, contact, schrijf, roze, marmer, badkamer, foto, achtergrondje, dienen, tekst, letters, Bovendien, leesbaar, zodra, story, zet, Godverdomme, Met, tik, harder, scherm, toestel, gras, smijt, Flikker, flikker, context, kwetsend, opzoeken, opstaan, kalmeren, beter, blijven, vader, aluminiumfolie, houder, rukte, ding, muur, stampte, den, duur, wende, wennen, hypocriet, weiger, uitbarstingen, Dus, staan, schreeuwen, Meestal, ophouden, huilt, schoudertjes, stop, nietSoms, weten, daaraan, krimpt, ineen, lijkt, meest, smal, wurgen, huis, Ga, straks"
"17","16_17","",""
"18","17_18","Daarna, wacht, achterkant, zwemt, vanuit, trapt, Ok, Blij, schrikken, Nu, soort, situaties, zomers, nietSoms, weten, Ga, straks","wachten, voorbij, zwemmen, please, dus, ok, Enthousiast, aangesproken, Inmiddels, bevrijden, 'zomers, aantal, Wil, tiende, Overmorgen, vertrekken, afmaken, neiging, lang, buitenland, logeren, verblijf, zonde, vliegtickets, besteed"
"19","18_19","Kom, Goed, please, ok, erger, dociel, geinteresseerd, uitwisselen, droge, buurmeisje, tienermeisje, tienerjongen, 'zomers","Mooi, Please, Ok, buurjongen, Voed, tiener, tegenspreekt, rarely, the, should, kunt, bepaalde, politieke, forceren, You, could, sooner, give, cat, bath, .', zomers"
"20","19_20","tiener, tegenspreekt","tienerjongen, Aan, kant, trainen, simpelweg, gepresenteerde, beelden, lichamen, schoonheidsnorm, vallen, glamourfoto's, behaarde, aantrekkelijker, dik, behaard, kenmerken, westerse, heersende, vrouwelijke, knikte, volg, interessante, Zwarte, Om, norm, verleggen, sterken, gedacht, kleuter, braafste, klas, andere, theoretici, Weer, butchvrouwen, vond, droom, ....., dromen, tellen, verwrongen, vertaling, kun, letterlijk"
"21","20_21","voldoende, schaduw, minuten, aftelt, huid, bruin, gekregen, wist, welke, lekkerste, half, ontdooide, zouden, vertelde, gevallen, aangesproken, Volgens, zwijg, Zoals, ..., besloten, mooiste, gedachten, eigen, vul, merkte, knikte, kleuter, braafste, klas, butchvrouwen, vond, verwrongen, vertaling, neer, zal, beleefd, geworden, slecht, communiceert, gezellig, terugkeer, voortdurend, keek, thuiskwam, rinkelde, sleutels, lawaai, geven, snel, computer, onderbroek, begeerd, onderscheid, man-vrouw, achterhaald","parelt, zweet, voorhoofd, lol, ijdelheid, boomtakken, dichter, zoeken, verstand, magnetron, ontdooistand, gauw, behandeling, alinea, konden, loop, zonne-energie, zussen, Dik, afwijst, lijden, onbereikbaar, Ga, gedachtengang, vermoedt, venijn, Vul, waarom, inkwam, ecologische, geesteswetenschappen, herinner, lezing, Theodor, Adorno, einde, saai, hadden, begrepen, losraak, slechtbetaalde, baantjes, thuis, extra, sleutelbos, rammelde, Larry, pornofilmpjes, wegklikken, kleren, trekken, wegvluchtte, glazen, salontafel, smakte, diepe, snijwond, opliep, lesje, geleerd, terras, hotel, cocktail, studenten, behandelde, merk, knik, enthousiast, wc, kleiner, gisteren, google, trans-vrouw, slimmer, In, boek, Female, stelt, vrouwelijk, skeptisch, bestaan, bizarre, claims, broad, indefensible, sweeping, generalisaties, geschiedenis, erom, reactie, lezer, provocatieve, uitspraken, bewust, maken, emoties, argument, or, production, truth, realiseren, dwars, verkeerd/fout, niveau, have, investments, some, being, and, other, not, those, that, tendrils, desire, Provocation, can, be, education, senses, if, let, it, The, trick, to, get, crushed, by, lelijk-mooi-discriminatie, oneerlijk"
"22","21_22","redding, armoede, extra, Larry, wegklikken, lesje, geleerd, behandelde","HOE, IK, TREURIG, WORD, OM, BIJ, VROUWEN, TE, ZIEN, ZE, EEN, ONBEREIKBAAR, SCHOONHEIDSIDEAAL, NAJAGEN, MAAR, ZELF, OOK, JALOERS, BEN, OF, ALS, ZIEK, DENK, DAAR, VAL, VAN, AF.Het, HET, GEHEIME, GEESTESLEVEN, DIE, VRIENDIN, iK, HAAT, JE, ZEGT, HAAR, MAN, WELEENS, bikinilijn, gebleven, Barry, klonk, klikken, keek, naakt, behandelt, eenvoudige, kiest, dwaal, citeert"
"23","22_23","Verhaal, Gids, Dank, lenen, pofmouwen, tik, harder","wij, dank, hamer, schold, verkeer, aluminiumfoliehouder, rust, scheld, momenten, verzameld, eruit, rollen, vaart, verrast, zachte, verstikkende, wanneer, soms, erbij, stoppen, kotsen, bevallen, kracht, gerechtvaardigd, rechts-extremistisch, ingehouden, gedraag, meerdere, steekt, sigaret, last, geldgebrek, betaald, enkel, bedanken, zouden, gulzig, zo'n, honger, Vinden, bedoelde, warm"
"24","23_24","boomtakken, gemaakt, gegooid, Stop, Trappen, passen, alinea, signaleren, dichtvallende, viel, naam, riep, wakker, houden, flauwvallen, ergens, pijn, cancel-cultuur, invloed, HOE, IK, TREURIG, WORD, OM, BIJ, VROUWEN, TE, ZIEN, ZE, EEN, ONBEREIKBAAR, SCHOONHEIDSIDEAAL, NAJAGEN, MAAR, ZELF, OOK, JALOERS, BEN, OF, ALS, ZIEK, DENK, DAAR, VAL, AF.Het, lijden, onbereikbaar, Wees, Voed, Streef, tienerjongen, jou, Ga, bovendien, invult, losraak, Barry, gestommel, klonk, pornofilmpjes, klikken, kleren, trekken, enkels, wegvluchtte, glazen, salontafel, smakte, diepe, snijwond, opliep, keek, mannelijke, theorie, dwaal","geest, Mensen, yogadocent, achteren, verbergen, genitalien, ervan, jaren, gezin, hoogseizoen, waarschuwde, boekte, kennen, uitdrukkingsloze, tien, weken, vakantie, vond, tickets, Voor, terugvliegen, zeker, nergens, gereserveerd, restaurants, matig, goedkoop, gooide, omgaan, huren, gesignaleerd, Intussen, cancelcultuur, beinvloedt, verband, Toch, zwijg, telefoonscherm, dun, ziet, achterkant, spiegel, bekijk, gezond, gewicht, Daar, periode, stress, weinig, at, mager, verwoestende, onuitroeibare, gestresst, juist, liefst, patat, Verlies, eigen, terugzak, moeras, idiote, XL-massagestoel, aantreffen, pik, afstandbediening, trakteer, drinker, cocktails, betalen, plaatselijke, soort, pakken, cliche, lijken, theorieen, allen, strookje, schaduw, grapje, lachte, Bij, herinnering, vriendin."
"25","24_25","citeert, kleiner, gisteren","stilte, spreekt, engels, moedertaalciteert"
"26","25_26","kennen, gesignaleerd, Intussen, blijf, vergeefs, naiefs, stiekem, slanker, cocktails, androgynie, vriendschappelijk, HET, GEHEIME, GEESTESLEVEN, VAN, DIE, VRIENDIN, iK, HAAT, JE, ZEGT, HAAR, MAN, WELEENS, studenten, stilte, Bij, herinnering, vriendin., spreekt, engels, moedertaalciteert","kent, signaleren, vertelde, fietsongeluk, Vergeefs, waterijs, even, Morgen, Volgens, besloten, mooiste, vakgebied, jeugd, Florida, vuilstort, weten, androgyne, wezenlijk, bestaat, verzonnen, geloven, erin, slechter, gewend, Alle, heteroseksuele, gemiddelde, aandacht, wiens, filosofiestudenten, gedachten, dwalen, Nu, eraan, krimp, gevoelens, oproepen, citeert, Amerikaanse, zelden, verlangens, correcte, dwingen, lach, lezen, opkijk, geheim, geestesleven, vermoed"
"27","26_27","geest, verstand, schudde, konden, klootzakken, Alle, gemiddelde, wiens, kiest, aluminiumfoliehouder, rust, Vinden","Anders, kiezen, lust, vanavond, veertig, liever, jongere, begeerlijk, verlegt, Alsof, lesbische, daarop, speciaal, I'm, betekent, sexy, geil, Vrouwen, via, geven, haten, onszelf, gelooft, zelf-ontkenning, female, handeling, sacrificed, room, for, desires, another.the, may, real, imagined, someone, else, do, your, desiring, own, expense, knappe, privileges, schoonheid"
"28","27_28","gewicht, treurig, juist, liefst, vakgebied, angst, gebleven, lachte, betekent, sexy, geil, oneerlijk, knappe, privileges, schoonheid, lelijk-mooi-discriminatie, Al, bezig","trok, stinkende, bang, gestommel, gemeenschap, riep, zweeg, terugdenk, studenten, gigantisch, Ondertussen, Vanmorgen"
"29","28_29","Anders, kiezen, lust, waardesysteem, zwijg, Intelligentie, vijfendertig, volwassenen, even, afwijst, verwoestende, onuitroeibare, trok, stinkende, gestommel, weten, lesbische, gemeenschap, Nu, eraan, terugdenk, onszelf, gebloemde, aantal, tanden, Ondertussen, maak, campagne, EU, gelanceerd, gebruiken, Vanmorgen, v, tiende, last, betaald, enkel, a-relaxed, omgaat, gefocust, baantje, slachthuis, zeventien, minder, vlees, Twee, vegetarier, neiging, logeren, verblijf, zonde, besteed, Aantekeningen, zus, 6, uur, ochtends, Schiphol, ophalen, boos, kickboksen, komen.Waarom","eter, controle, waardensysteem, intelligentie, keelgat, ontstond, stikt, omvang, beoordeelt, afschuwelijk, hardnekkige, Vaak, redding, armoede, o, mist, gedraagt, blijkbaar, Opnieuw, ontkennen, ballonmouwen, mode, peervorm, verbergt, auto, stapte, Intussen, publiceerde, EU-campagne, kapen, #Letstalkaboutpork, Alles, aarzelend, uitgever, vijfentwintigste, solliciteerde, zin, onthouden, zoek, aanstoot, verhullen, verstikken, kende, Nederland, landde, verheugde, schuifdeuren, open, vliegveld, nadat, maand, eindelijk, stikken, beste, mocht, kickboksles, eraf, kapot, redacteur, ging, schrijven, sindsdien, onthullen, twaalfde, Zou, ergeren, raakte, inmiddels, vierentwintig, gisteren, pizza, gingen, portemonnee, trucje, ontspannen, Ook, Zodra, tafel, haast, graaien, Zouden, -------, AANTEKENINGEN, -----------"
"30","29_30","","middenrif"
"31","30_31","verpleegkundigen, vertelde, fietsongeluk, intelligentie, ontstond, rotvrienden, besloten, cocktail, blijkbaar, wijde, jurk, mode, Eerst, nieuwsuitzending, regio, talkshow, bruinverbrande, Intussen, Flikker, rem, eraf, redacteur, sindsdien, onthullen, behalve, liet, Echt, trouwens, onbegrip, rechts-extremistische, denkbeelden, trucje","gbij, ver[, pleegkundigen, noemen, Intelligentie, jaloezie, Waarschijnlijk, cocktails, maxi-jurk, nieuwsreportage, Vanmorgen, Bij, tuttig, exploderen, gebeuren, brullen, baby, Schiphol, kenden, weggeweest, waa, truc"
"32","31_32","noemen, Dik, dun, brullen, baby, kenden, weggeweest, waa, kende, buitenland, Nederland, landde, schuifdeuren, open, ophaalde, vliegveld, nadat, maand, verklaren","even, dunne, glimlachend, heldere, geur, opsnuiven, bleek, aankwam, broer, druk, bloeding, gehad, gebeurde, sliepen, wél, goede, reden"
"33","32_33","gbij, kent, uitdrukkingsloze, Voor, terugvliegen, matig, ver[, pleegkundigen, gorilla-man, even, gesprek, dom, Intelligentie, oplepelen, feiten, krant, hebt, eerder, bed, gezond, Daar, periode, afschuwelijk, hardnekkige, schoonheidsideaal, jaloezie, Waarschijnlijk, heel, peervorm, verbergt, aangekomen, stapte, hield, kop, koffie, hamer, opzoeken, opstaan, kalmeren, ging, broer, stikken, beste, bleef, bloeden, brak, kickboksles, gebeurde, sliepen, wél, goede, reden, twaalfde, Overmorgen, vertrekken, Zou, geldgebrek, echt, zoveel","kennen, lekkerste, ooit, toegeven, verpleegkundigen, noemen, Ongelooflijk, onnozel, regelmatig, rotvrienden, slapen, volwassenen, prins, herhaal, Boeit, studeerde, reageer, boos, standje, zelfondermijnende, opmerkingen, maak, energie, videorecorder, aankomt, wijde, wind, lichaamsvorm, verhult, stapt, timmer, dorre, sluit, reik, gedragen, zelfverwijt, schouders, één, tas, zijne, Sinds, eeuwige, angst, slik, stik, terugkwam, neen, schooljaar, highschool, nadat, leerde, Montreal, weten, natuurlijk, eenmaal, eigenschap, opgevallen, opmerking, geparkeerd, bekende, nicht, werkdag, onderbreken, lift, onverwacht, ernstige"
"34","33_34","blijven, achteren, staan, gooide, volwassenen, Boeit, reageer, boos, onderzoeksonderwerpen, bang, terugzak, moeras, vandaan, eens, aantreffen, idiote, XL-massagestoel, videorecorder, springerige, cliche, kijken, lichaamsvorm, ontspannen, Sinds, inmiddels, vierentwintig, jaar, Ook, Zodra, graaien, eeuwige, -------, AANTEKENINGEN, -----------, benauwdheid, zelfvertrouwen, gevoeld, Benauwdheid, inhouden, woedend, machteloos, Diezelfde, Overwhelmed, bedreigend, wereld, onvoorbereid, kuddes, ongegeneerde, aanwezig, alert, jegens, reisgenoten, Kunnen, aanwezigheid, verdragen, slim, intellectueel, domme, uitspraak, slavernij, reist, zwart, amerikaanse, voordeed, opriep, punkster, precies, laarzen, kocht, plaats, zwarte, bontrandjes, omgeslagen, kniekousen, eroverheen, kopieren, Later, vriendje, initiatief, hare, mannengesprek, zeght, terugtrok, politiek, onderzoek, zakken, hadf, verwacht, gevoelig, doordat, doet, betrekt, Eigenlijk, standaard, begeerlijke, grap, vertraagde, autorijden, Afhankelijkheid, Afkeuring, jonge, chauffeur, Wel, rots, springen, Dapper, opzoekt, zoekt, Wat, (, vrouwonvriendelijk, genoemd, ), gemakkelijk, macht, haarzelf, geeft, merk, probeerde, leggen, Aan, kant, kunt, trainen, simpelweg, gepresenteerde, beelden, lichamen, schoonheidsnorm, vallen, Dus, glamourfoto's, behaarde, vanzelf, aantrekkelijker, dik, behaard, kenmerken, westerse, heersende, vrouwelijke, knik, enthousiast, interessante, volg, Zwarte, witte, vertellen, norm, verleggen, sterken, gedacht, theoretici, Andrea, Long, Chu, rarely, the, things, should, Je, bepaalde, politieke, forceren, You, could, sooner, give, cat, bath, .', Weer, droom, ...., ....., dromen, tellen, kun, letterlijk, wc, google, trans-vrouw, slimmer, Female, stelt, vrouwelijk, skeptisch, bestaan, bizarre, claims, broad, indefensible, sweeping, generalisaties, geschiedenis, erom, reactie, roepen, lezer, I, dont, think, believe, because, they, are, true, them, make, us, feel, particular, way, provocatieve, uitspraken, bewust, maken, emoties, argument, or, production, truth, kans, realiseren, dwars, verkeerd/fout, niveau, have, investments, some, being, and, other, not, those, that, tendrils, desire, Provocation, can, be, an, education, senses, if, let, it, The, trick, to, get, crushed, by, erg, voed, zelfhaat, makes, Amerikaanse, zelf-ontkenning, female, handeling, sacrificed, room, for, desires, another.the, may, real, imagined, someone, else, do, your, desiring, own, expense, geloven, gevoelens, oproepen, citeert, zelden, verlangens, correcte, dwingen, verzonnen, erin, beter, slechter, gewend, jongen, lijken, vrij, nieuwe, liefdes, exploreren, porno, puur, geestelijk, begrijpt, ingewikkeld, praat, rillingen, lach, soms, lezen, opkijk, geheim, geestesleven, vermoed, behoefte, vrijheid, begrijp, verliefdheid, nodig, Zonder, sinds, verdiende, Verenigde, Staten, 1, niemand, donkere, appartement, ontmoette, dagelijkse, rituelen, bordje, pap, ontbijt, versleten, ochtendjas, prettig, samen, Japan, mooie, lelijke, Is, onrecht, wit, verlies, seks, alsjeblieft, Jaloezie, genieten, Komt, kapitalisme, Ons, dooft, kopieer, schold, verkeer, scheld, momenten, verzameld, rollen, vaart, verrast, zachte, verstikkende, wanneer, spijt, erbij, schoudertjes, gerechtvaardigd, wordt, geschreven, gedraag, meerdere, den, wende, wennen, hypocriet, weiger, uitbarstingen, schreeuwen, Meestal, ophouden, huilt, daaraan, krimpt, hart, lijkt, meest, Alles, aarzelend, uitgever, vijfentwintigste, solliciteerde, onthouden, zoek, aanstoot, verhullen, verstikken, slik, stik, Schiphol, terugkwam, neen, schooljaar, highschool, nadat, leerde, Montreal, verheugde, aankomsthal, glimlachend, heldere, geur, opsnuiven, weten, natuurlijk, eenmaal, eigenschap, opgevallen, eindelijk, aankwam, opmerking, geparkeerd, bekende, nicht, druk, schaamlipcorrectie, werkdag, onderbreken, lift, onverwacht, ernstige, bloeding, mocht","bereidde, boeit, tegenstrijdig, geef, wél, vakgebied, aangetroffen, idioot, leren, leunstoel, Geen, fladderige, cliché, gemiddelde, blijf, peervorm, rest, gebleven, minst"
"35","34_35","genitalien, controle, familie, gooiden, gehad, groot, patientenfolder, noemen, beinvloedt, Ongelooflijk, drieen, uitvoeren, morgen, Morgen, boeit, tegenstrijdig, Van, Verlies, jezelf, wél, Vaak, vermoedt, energie, rammelde, aangetroffen, idioot, leren, vuilstort, poeziebundels, theorieen, erna, truc, ouders, waren, arm, zijne","genitaliën, contrôle, gooide, geproefd, passen, patiëntenfolder, eens, beïnvloedt, ongelooflijk, drieën, hoest, uitvoert, besproken, vanuit, Boeit, klopt, tegelijk, buigt, hardnekkige, vernietigende, schoonheidsideaal, raak, omgaat, verlies, vermoed, maken, rustig, rammelen, hoefde, treffen, belachelijk, nepleren, poëziebundels, Vandaag, Echt, theorieën, haal, diep, adem, erbij, soms, smoes"
"36","35_36","hou, deed, gooide, Nederlandse, regelmatig, troost, besproken, klopt, buigt, hardnekkige, vernietigende, schoonheidsideaal, patat, omgaat, maken, vergeten, erbij, soms","irritant, Dus, doet, gooit, schouderbladen, roepen, bezig, stikken, erger, wordt, heel, Eerst, stribbelt, Wij, Je, hoeft, echt, antwoord, eindelijk, daarna, inhoud, gekieperd"
"37","36_37","",""
"38","37_40","irritant, contrôle, Terwijl, goedgekomen, Heimlich-manoeuvre, wijn, derde, glas, Boeit, inkwam, slechtbetaalde, hoefde, treffen, afstandbediening, gestresst, gedachtengang, eruit, zien, minst, gespannen","irriteert, controle, gekomen, heimlichmanoeuvre, slecht, betaalde, aantreffen, afstandsbediening, vallen, gejammer, klonk, omgedraaid, weggelopen, gestrest, gedachtegang, eruitzien, ouders, gaven, liefst, nieuwe, extra, uitbouw, achttien, verhuisde, stad, zolderkamer, uitbouwmogelijkheden, peuk, grond, veegt, schoen, overheen, beginnende, bosbrand, dooft, actieve, vakanties, ergens, naartoe, rijden, wandeling, maken, historische, brug, burgeroorlog, opgeblazen, nationalisten, Nu, gerestaureerd, gezien, symbolische, verbintenis, verschillende, bevolkingsgroepen, land, werkelijkheid, helemaal, eenheid, Leuk, achteloos, gebaar, no, problem, ontspant"
